Grid Name,"Min Latitude, Min Longitude","Max Latitude, Max Longitude"
AA,"(32.0, 124.0)","(32.26923076923077, 124.3076923076923)"
AB,"(32.0, 124.3076923076923)","(32.26923076923077, 124.61538461538461)"
AC,"(32.0, 124.61538461538461)","(32.26923076923077, 124.92307692307692)"
AD,"(32.0, 124.92307692307692)","(32.26923076923077, 125.23076923076923)"
AE,"(32.0, 125.23076923076923)","(32.26923076923077, 125.53846153846153)"
AF,"(32.0, 125.53846153846153)","(32.26923076923077, 125.84615384615384)"
AG,"(32.0, 125.84615384615384)","(32.26923076923077, 126.15384615384616)"
AH,"(32.0, 126.15384615384616)","(32.26923076923077, 126.46153846153847)"
AI,"(32.0, 126.46153846153847)","(32.26923076923077, 126.76923076923077)"
AJ,"(32.0, 126.76923076923077)","(32.26923076923077, 127.07692307692308)"
AK,"(32.0, 127.07692307692308)","(32.26923076923077, 127.38461538461539)"
AL,"(32.0, 127.38461538461539)","(32.26923076923077, 127.6923076923077)"
AM,"(32.0, 127.6923076923077)","(32.26923076923077, 128.0)"
AN,"(32.0, 128.0)","(32.26923076923077, 128.30769230769232)"
AO,"(32.0, 128.30769230769232)","(32.26923076923077, 128.6153846153846)"
AP,"(32.0, 128.6153846153846)","(32.26923076923077, 128.92307692307693)"
AQ,"(32.0, 128.92307692307693)","(32.26923076923077, 129.23076923076923)"
AR,"(32.0, 129.23076923076923)","(32.26923076923077, 129.53846153846155)"
AS,"(32.0, 129.53846153846155)","(32.26923076923077, 129.84615384615384)"
AT,"(32.0, 129.84615384615384)","(32.26923076923077, 130.15384615384616)"
AU,"(32.0, 130.15384615384616)","(32.26923076923077, 130.46153846153845)"
AV,"(32.0, 130.46153846153845)","(32.26923076923077, 130.76923076923077)"
AW,"(32.0, 130.76923076923077)","(32.26923076923077, 131.07692307692307)"
AX,"(32.0, 131.07692307692307)","(32.26923076923077, 131.3846153846154)"
AY,"(32.0, 131.3846153846154)","(32.26923076923077, 131.69230769230768)"
AZ,"(32.0, 131.69230769230768)","(32.26923076923077, 132.0)"
BA,"(32.26923076923077, 124.0)","(32.53846153846154, 124.3076923076923)"
BB,"(32.26923076923077, 124.3076923076923)","(32.53846153846154, 124.61538461538461)"
BC,"(32.26923076923077, 124.61538461538461)","(32.53846153846154, 124.92307692307692)"
BD,"(32.26923076923077, 124.92307692307692)","(32.53846153846154, 125.23076923076923)"
BE,"(32.26923076923077, 125.23076923076923)","(32.53846153846154, 125.53846153846153)"
BF,"(32.26923076923077, 125.53846153846153)","(32.53846153846154, 125.84615384615384)"
BG,"(32.26923076923077, 125.84615384615384)","(32.53846153846154, 126.15384615384616)"
BH,"(32.26923076923077, 126.15384615384616)","(32.53846153846154, 126.46153846153847)"
BI,"(32.26923076923077, 126.46153846153847)","(32.53846153846154, 126.76923076923077)"
BJ,"(32.26923076923077, 126.76923076923077)","(32.53846153846154, 127.07692307692308)"
BK,"(32.26923076923077, 127.07692307692308)","(32.53846153846154, 127.38461538461539)"
BL,"(32.26923076923077, 127.38461538461539)","(32.53846153846154, 127.6923076923077)"
BM,"(32.26923076923077, 127.6923076923077)","(32.53846153846154, 128.0)"
BN,"(32.26923076923077, 128.0)","(32.53846153846154, 128.30769230769232)"
BO,"(32.26923076923077, 128.30769230769232)","(32.53846153846154, 128.6153846153846)"
BP,"(32.26923076923077, 128.6153846153846)","(32.53846153846154, 128.92307692307693)"
BQ,"(32.26923076923077, 128.92307692307693)","(32.53846153846154, 129.23076923076923)"
BR,"(32.26923076923077, 129.23076923076923)","(32.53846153846154, 129.53846153846155)"
BS,"(32.26923076923077, 129.53846153846155)","(32.53846153846154, 129.84615384615384)"
BT,"(32.26923076923077, 129.84615384615384)","(32.53846153846154, 130.15384615384616)"
BU,"(32.26923076923077, 130.15384615384616)","(32.53846153846154, 130.46153846153845)"
BV,"(32.26923076923077, 130.46153846153845)","(32.53846153846154, 130.76923076923077)"
BW,"(32.26923076923077, 130.76923076923077)","(32.53846153846154, 131.07692307692307)"
BX,"(32.26923076923077, 131.07692307692307)","(32.53846153846154, 131.3846153846154)"
BY,"(32.26923076923077, 131.3846153846154)","(32.53846153846154, 131.69230769230768)"
BZ,"(32.26923076923077, 131.69230769230768)","(32.53846153846154, 132.0)"
CA,"(32.53846153846154, 124.0)","(32.80769230769231, 124.3076923076923)"
CB,"(32.53846153846154, 124.3076923076923)","(32.80769230769231, 124.61538461538461)"
CC,"(32.53846153846154, 124.61538461538461)","(32.80769230769231, 124.92307692307692)"
CD,"(32.53846153846154, 124.92307692307692)","(32.80769230769231, 125.23076923076923)"
CE,"(32.53846153846154, 125.23076923076923)","(32.80769230769231, 125.53846153846153)"
CF,"(32.53846153846154, 125.53846153846153)","(32.80769230769231, 125.84615384615384)"
CG,"(32.53846153846154, 125.84615384615384)","(32.80769230769231, 126.15384615384616)"
CH,"(32.53846153846154, 126.15384615384616)","(32.80769230769231, 126.46153846153847)"
CI,"(32.53846153846154, 126.46153846153847)","(32.80769230769231, 126.76923076923077)"
CJ,"(32.53846153846154, 126.76923076923077)","(32.80769230769231, 127.07692307692308)"
CK,"(32.53846153846154, 127.07692307692308)","(32.80769230769231, 127.38461538461539)"
CL,"(32.53846153846154, 127.38461538461539)","(32.80769230769231, 127.6923076923077)"
CM,"(32.53846153846154, 127.6923076923077)","(32.80769230769231, 128.0)"
CN,"(32.53846153846154, 128.0)","(32.80769230769231, 128.30769230769232)"
CO,"(32.53846153846154, 128.30769230769232)","(32.80769230769231, 128.6153846153846)"
CP,"(32.53846153846154, 128.6153846153846)","(32.80769230769231, 128.92307692307693)"
CQ,"(32.53846153846154, 128.92307692307693)","(32.80769230769231, 129.23076923076923)"
CR,"(32.53846153846154, 129.23076923076923)","(32.80769230769231, 129.53846153846155)"
CS,"(32.53846153846154, 129.53846153846155)","(32.80769230769231, 129.84615384615384)"
CT,"(32.53846153846154, 129.84615384615384)","(32.80769230769231, 130.15384615384616)"
CU,"(32.53846153846154, 130.15384615384616)","(32.80769230769231, 130.46153846153845)"
CV,"(32.53846153846154, 130.46153846153845)","(32.80769230769231, 130.76923076923077)"
CW,"(32.53846153846154, 130.76923076923077)","(32.80769230769231, 131.07692307692307)"
CX,"(32.53846153846154, 131.07692307692307)","(32.80769230769231, 131.3846153846154)"
CY,"(32.53846153846154, 131.3846153846154)","(32.80769230769231, 131.69230769230768)"
CZ,"(32.53846153846154, 131.69230769230768)","(32.80769230769231, 132.0)"
DA,"(32.80769230769231, 124.0)","(33.07692307692308, 124.3076923076923)"
DB,"(32.80769230769231, 124.3076923076923)","(33.07692307692308, 124.61538461538461)"
DC,"(32.80769230769231, 124.61538461538461)","(33.07692307692308, 124.92307692307692)"
DD,"(32.80769230769231, 124.92307692307692)","(33.07692307692308, 125.23076923076923)"
DE,"(32.80769230769231, 125.23076923076923)","(33.07692307692308, 125.53846153846153)"
DF,"(32.80769230769231, 125.53846153846153)","(33.07692307692308, 125.84615384615384)"
DG,"(32.80769230769231, 125.84615384615384)","(33.07692307692308, 126.15384615384616)"
DH,"(32.80769230769231, 126.15384615384616)","(33.07692307692308, 126.46153846153847)"
DI,"(32.80769230769231, 126.46153846153847)","(33.07692307692308, 126.76923076923077)"
DJ,"(32.80769230769231, 126.76923076923077)","(33.07692307692308, 127.07692307692308)"
DK,"(32.80769230769231, 127.07692307692308)","(33.07692307692308, 127.38461538461539)"
DL,"(32.80769230769231, 127.38461538461539)","(33.07692307692308, 127.6923076923077)"
DM,"(32.80769230769231, 127.6923076923077)","(33.07692307692308, 128.0)"
DN,"(32.80769230769231, 128.0)","(33.07692307692308, 128.30769230769232)"
DO,"(32.80769230769231, 128.30769230769232)","(33.07692307692308, 128.6153846153846)"
DP,"(32.80769230769231, 128.6153846153846)","(33.07692307692308, 128.92307692307693)"
DQ,"(32.80769230769231, 128.92307692307693)","(33.07692307692308, 129.23076923076923)"
DR,"(32.80769230769231, 129.23076923076923)","(33.07692307692308, 129.53846153846155)"
DS,"(32.80769230769231, 129.53846153846155)","(33.07692307692308, 129.84615384615384)"
DT,"(32.80769230769231, 129.84615384615384)","(33.07692307692308, 130.15384615384616)"
DU,"(32.80769230769231, 130.15384615384616)","(33.07692307692308, 130.46153846153845)"
DV,"(32.80769230769231, 130.46153846153845)","(33.07692307692308, 130.76923076923077)"
DW,"(32.80769230769231, 130.76923076923077)","(33.07692307692308, 131.07692307692307)"
DX,"(32.80769230769231, 131.07692307692307)","(33.07692307692308, 131.3846153846154)"
DY,"(32.80769230769231, 131.3846153846154)","(33.07692307692308, 131.69230769230768)"
DZ,"(32.80769230769231, 131.69230769230768)","(33.07692307692308, 132.0)"
EA,"(33.07692307692308, 124.0)","(33.34615384615385, 124.3076923076923)"
EB,"(33.07692307692308, 124.3076923076923)","(33.34615384615385, 124.61538461538461)"
EC,"(33.07692307692308, 124.61538461538461)","(33.34615384615385, 124.92307692307692)"
ED,"(33.07692307692308, 124.92307692307692)","(33.34615384615385, 125.23076923076923)"
EE,"(33.07692307692308, 125.23076923076923)","(33.34615384615385, 125.53846153846153)"
EF,"(33.07692307692308, 125.53846153846153)","(33.34615384615385, 125.84615384615384)"
EG,"(33.07692307692308, 125.84615384615384)","(33.34615384615385, 126.15384615384616)"
EH,"(33.07692307692308, 126.15384615384616)","(33.34615384615385, 126.46153846153847)"
EI,"(33.07692307692308, 126.46153846153847)","(33.34615384615385, 126.76923076923077)"
EJ,"(33.07692307692308, 126.76923076923077)","(33.34615384615385, 127.07692307692308)"
EK,"(33.07692307692308, 127.07692307692308)","(33.34615384615385, 127.38461538461539)"
EL,"(33.07692307692308, 127.38461538461539)","(33.34615384615385, 127.6923076923077)"
EM,"(33.07692307692308, 127.6923076923077)","(33.34615384615385, 128.0)"
EN,"(33.07692307692308, 128.0)","(33.34615384615385, 128.30769230769232)"
EO,"(33.07692307692308, 128.30769230769232)","(33.34615384615385, 128.6153846153846)"
EP,"(33.07692307692308, 128.6153846153846)","(33.34615384615385, 128.92307692307693)"
EQ,"(33.07692307692308, 128.92307692307693)","(33.34615384615385, 129.23076923076923)"
ER,"(33.07692307692308, 129.23076923076923)","(33.34615384615385, 129.53846153846155)"
ES,"(33.07692307692308, 129.53846153846155)","(33.34615384615385, 129.84615384615384)"
ET,"(33.07692307692308, 129.84615384615384)","(33.34615384615385, 130.15384615384616)"
EU,"(33.07692307692308, 130.15384615384616)","(33.34615384615385, 130.46153846153845)"
EV,"(33.07692307692308, 130.46153846153845)","(33.34615384615385, 130.76923076923077)"
EW,"(33.07692307692308, 130.76923076923077)","(33.34615384615385, 131.07692307692307)"
EX,"(33.07692307692308, 131.07692307692307)","(33.34615384615385, 131.3846153846154)"
EY,"(33.07692307692308, 131.3846153846154)","(33.34615384615385, 131.69230769230768)"
EZ,"(33.07692307692308, 131.69230769230768)","(33.34615384615385, 132.0)"
FA,"(33.34615384615385, 124.0)","(33.61538461538461, 124.3076923076923)"
FB,"(33.34615384615385, 124.3076923076923)","(33.61538461538461, 124.61538461538461)"
FC,"(33.34615384615385, 124.61538461538461)","(33.61538461538461, 124.92307692307692)"
FD,"(33.34615384615385, 124.92307692307692)","(33.61538461538461, 125.23076923076923)"
FE,"(33.34615384615385, 125.23076923076923)","(33.61538461538461, 125.53846153846153)"
FF,"(33.34615384615385, 125.53846153846153)","(33.61538461538461, 125.84615384615384)"
FG,"(33.34615384615385, 125.84615384615384)","(33.61538461538461, 126.15384615384616)"
FH,"(33.34615384615385, 126.15384615384616)","(33.61538461538461, 126.46153846153847)"
FI,"(33.34615384615385, 126.46153846153847)","(33.61538461538461, 126.76923076923077)"
FJ,"(33.34615384615385, 126.76923076923077)","(33.61538461538461, 127.07692307692308)"
FK,"(33.34615384615385, 127.07692307692308)","(33.61538461538461, 127.38461538461539)"
FL,"(33.34615384615385, 127.38461538461539)","(33.61538461538461, 127.6923076923077)"
FM,"(33.34615384615385, 127.6923076923077)","(33.61538461538461, 128.0)"
FN,"(33.34615384615385, 128.0)","(33.61538461538461, 128.30769230769232)"
FO,"(33.34615384615385, 128.30769230769232)","(33.61538461538461, 128.6153846153846)"
FP,"(33.34615384615385, 128.6153846153846)","(33.61538461538461, 128.92307692307693)"
FQ,"(33.34615384615385, 128.92307692307693)","(33.61538461538461, 129.23076923076923)"
FR,"(33.34615384615385, 129.23076923076923)","(33.61538461538461, 129.53846153846155)"
FS,"(33.34615384615385, 129.53846153846155)","(33.61538461538461, 129.84615384615384)"
FT,"(33.34615384615385, 129.84615384615384)","(33.61538461538461, 130.15384615384616)"
FU,"(33.34615384615385, 130.15384615384616)","(33.61538461538461, 130.46153846153845)"
FV,"(33.34615384615385, 130.46153846153845)","(33.61538461538461, 130.76923076923077)"
FW,"(33.34615384615385, 130.76923076923077)","(33.61538461538461, 131.07692307692307)"
FX,"(33.34615384615385, 131.07692307692307)","(33.61538461538461, 131.3846153846154)"
FY,"(33.34615384615385, 131.3846153846154)","(33.61538461538461, 131.69230769230768)"
FZ,"(33.34615384615385, 131.69230769230768)","(33.61538461538461, 132.0)"
GA,"(33.61538461538461, 124.0)","(33.88461538461539, 124.3076923076923)"
GB,"(33.61538461538461, 124.3076923076923)","(33.88461538461539, 124.61538461538461)"
GC,"(33.61538461538461, 124.61538461538461)","(33.88461538461539, 124.92307692307692)"
GD,"(33.61538461538461, 124.92307692307692)","(33.88461538461539, 125.23076923076923)"
GE,"(33.61538461538461, 125.23076923076923)","(33.88461538461539, 125.53846153846153)"
GF,"(33.61538461538461, 125.53846153846153)","(33.88461538461539, 125.84615384615384)"
GG,"(33.61538461538461, 125.84615384615384)","(33.88461538461539, 126.15384615384616)"
GH,"(33.61538461538461, 126.15384615384616)","(33.88461538461539, 126.46153846153847)"
GI,"(33.61538461538461, 126.46153846153847)","(33.88461538461539, 126.76923076923077)"
GJ,"(33.61538461538461, 126.76923076923077)","(33.88461538461539, 127.07692307692308)"
GK,"(33.61538461538461, 127.07692307692308)","(33.88461538461539, 127.38461538461539)"
GL,"(33.61538461538461, 127.38461538461539)","(33.88461538461539, 127.6923076923077)"
GM,"(33.61538461538461, 127.6923076923077)","(33.88461538461539, 128.0)"
GN,"(33.61538461538461, 128.0)","(33.88461538461539, 128.30769230769232)"
GO,"(33.61538461538461, 128.30769230769232)","(33.88461538461539, 128.6153846153846)"
GP,"(33.61538461538461, 128.6153846153846)","(33.88461538461539, 128.92307692307693)"
GQ,"(33.61538461538461, 128.92307692307693)","(33.88461538461539, 129.23076923076923)"
GR,"(33.61538461538461, 129.23076923076923)","(33.88461538461539, 129.53846153846155)"
GS,"(33.61538461538461, 129.53846153846155)","(33.88461538461539, 129.84615384615384)"
GT,"(33.61538461538461, 129.84615384615384)","(33.88461538461539, 130.15384615384616)"
GU,"(33.61538461538461, 130.15384615384616)","(33.88461538461539, 130.46153846153845)"
GV,"(33.61538461538461, 130.46153846153845)","(33.88461538461539, 130.76923076923077)"
GW,"(33.61538461538461, 130.76923076923077)","(33.88461538461539, 131.07692307692307)"
GX,"(33.61538461538461, 131.07692307692307)","(33.88461538461539, 131.3846153846154)"
GY,"(33.61538461538461, 131.3846153846154)","(33.88461538461539, 131.69230769230768)"
GZ,"(33.61538461538461, 131.69230769230768)","(33.88461538461539, 132.0)"
HA,"(33.88461538461539, 124.0)","(34.15384615384615, 124.3076923076923)"
HB,"(33.88461538461539, 124.3076923076923)","(34.15384615384615, 124.61538461538461)"
HC,"(33.88461538461539, 124.61538461538461)","(34.15384615384615, 124.92307692307692)"
HD,"(33.88461538461539, 124.92307692307692)","(34.15384615384615, 125.23076923076923)"
HE,"(33.88461538461539, 125.23076923076923)","(34.15384615384615, 125.53846153846153)"
HF,"(33.88461538461539, 125.53846153846153)","(34.15384615384615, 125.84615384615384)"
HG,"(33.88461538461539, 125.84615384615384)","(34.15384615384615, 126.15384615384616)"
HH,"(33.88461538461539, 126.15384615384616)","(34.15384615384615, 126.46153846153847)"
HI,"(33.88461538461539, 126.46153846153847)","(34.15384615384615, 126.76923076923077)"
HJ,"(33.88461538461539, 126.76923076923077)","(34.15384615384615, 127.07692307692308)"
HK,"(33.88461538461539, 127.07692307692308)","(34.15384615384615, 127.38461538461539)"
HL,"(33.88461538461539, 127.38461538461539)","(34.15384615384615, 127.6923076923077)"
HM,"(33.88461538461539, 127.6923076923077)","(34.15384615384615, 128.0)"
HN,"(33.88461538461539, 128.0)","(34.15384615384615, 128.30769230769232)"
HO,"(33.88461538461539, 128.30769230769232)","(34.15384615384615, 128.6153846153846)"
HP,"(33.88461538461539, 128.6153846153846)","(34.15384615384615, 128.92307692307693)"
HQ,"(33.88461538461539, 128.92307692307693)","(34.15384615384615, 129.23076923076923)"
HR,"(33.88461538461539, 129.23076923076923)","(34.15384615384615, 129.53846153846155)"
HS,"(33.88461538461539, 129.53846153846155)","(34.15384615384615, 129.84615384615384)"
HT,"(33.88461538461539, 129.84615384615384)","(34.15384615384615, 130.15384615384616)"
HU,"(33.88461538461539, 130.15384615384616)","(34.15384615384615, 130.46153846153845)"
HV,"(33.88461538461539, 130.46153846153845)","(34.15384615384615, 130.76923076923077)"
HW,"(33.88461538461539, 130.76923076923077)","(34.15384615384615, 131.07692307692307)"
HX,"(33.88461538461539, 131.07692307692307)","(34.15384615384615, 131.3846153846154)"
HY,"(33.88461538461539, 131.3846153846154)","(34.15384615384615, 131.69230769230768)"
HZ,"(33.88461538461539, 131.69230769230768)","(34.15384615384615, 132.0)"
IA,"(34.15384615384615, 124.0)","(34.42307692307692, 124.3076923076923)"
IB,"(34.15384615384615, 124.3076923076923)","(34.42307692307692, 124.61538461538461)"
IC,"(34.15384615384615, 124.61538461538461)","(34.42307692307692, 124.92307692307692)"
ID,"(34.15384615384615, 124.92307692307692)","(34.42307692307692, 125.23076923076923)"
IE,"(34.15384615384615, 125.23076923076923)","(34.42307692307692, 125.53846153846153)"
IF,"(34.15384615384615, 125.53846153846153)","(34.42307692307692, 125.84615384615384)"
IG,"(34.15384615384615, 125.84615384615384)","(34.42307692307692, 126.15384615384616)"
IH,"(34.15384615384615, 126.15384615384616)","(34.42307692307692, 126.46153846153847)"
II,"(34.15384615384615, 126.46153846153847)","(34.42307692307692, 126.76923076923077)"
IJ,"(34.15384615384615, 126.76923076923077)","(34.42307692307692, 127.07692307692308)"
IK,"(34.15384615384615, 127.07692307692308)","(34.42307692307692, 127.38461538461539)"
IL,"(34.15384615384615, 127.38461538461539)","(34.42307692307692, 127.6923076923077)"
IM,"(34.15384615384615, 127.6923076923077)","(34.42307692307692, 128.0)"
IN,"(34.15384615384615, 128.0)","(34.42307692307692, 128.30769230769232)"
IO,"(34.15384615384615, 128.30769230769232)","(34.42307692307692, 128.6153846153846)"
IP,"(34.15384615384615, 128.6153846153846)","(34.42307692307692, 128.92307692307693)"
IQ,"(34.15384615384615, 128.92307692307693)","(34.42307692307692, 129.23076923076923)"
IR,"(34.15384615384615, 129.23076923076923)","(34.42307692307692, 129.53846153846155)"
IS,"(34.15384615384615, 129.53846153846155)","(34.42307692307692, 129.84615384615384)"
IT,"(34.15384615384615, 129.84615384615384)","(34.42307692307692, 130.15384615384616)"
IU,"(34.15384615384615, 130.15384615384616)","(34.42307692307692, 130.46153846153845)"
IV,"(34.15384615384615, 130.46153846153845)","(34.42307692307692, 130.76923076923077)"
IW,"(34.15384615384615, 130.76923076923077)","(34.42307692307692, 131.07692307692307)"
IX,"(34.15384615384615, 131.07692307692307)","(34.42307692307692, 131.3846153846154)"
IY,"(34.15384615384615, 131.3846153846154)","(34.42307692307692, 131.69230769230768)"
IZ,"(34.15384615384615, 131.69230769230768)","(34.42307692307692, 132.0)"
JA,"(34.42307692307692, 124.0)","(34.69230769230769, 124.3076923076923)"
JB,"(34.42307692307692, 124.3076923076923)","(34.69230769230769, 124.61538461538461)"
JC,"(34.42307692307692, 124.61538461538461)","(34.69230769230769, 124.92307692307692)"
JD,"(34.42307692307692, 124.92307692307692)","(34.69230769230769, 125.23076923076923)"
JE,"(34.42307692307692, 125.23076923076923)","(34.69230769230769, 125.53846153846153)"
JF,"(34.42307692307692, 125.53846153846153)","(34.69230769230769, 125.84615384615384)"
JG,"(34.42307692307692, 125.84615384615384)","(34.69230769230769, 126.15384615384616)"
JH,"(34.42307692307692, 126.15384615384616)","(34.69230769230769, 126.46153846153847)"
JI,"(34.42307692307692, 126.46153846153847)","(34.69230769230769, 126.76923076923077)"
JJ,"(34.42307692307692, 126.76923076923077)","(34.69230769230769, 127.07692307692308)"
JK,"(34.42307692307692, 127.07692307692308)","(34.69230769230769, 127.38461538461539)"
JL,"(34.42307692307692, 127.38461538461539)","(34.69230769230769, 127.6923076923077)"
JM,"(34.42307692307692, 127.6923076923077)","(34.69230769230769, 128.0)"
JN,"(34.42307692307692, 128.0)","(34.69230769230769, 128.30769230769232)"
JO,"(34.42307692307692, 128.30769230769232)","(34.69230769230769, 128.6153846153846)"
JP,"(34.42307692307692, 128.6153846153846)","(34.69230769230769, 128.92307692307693)"
JQ,"(34.42307692307692, 128.92307692307693)","(34.69230769230769, 129.23076923076923)"
JR,"(34.42307692307692, 129.23076923076923)","(34.69230769230769, 129.53846153846155)"
JS,"(34.42307692307692, 129.53846153846155)","(34.69230769230769, 129.84615384615384)"
JT,"(34.42307692307692, 129.84615384615384)","(34.69230769230769, 130.15384615384616)"
JU,"(34.42307692307692, 130.15384615384616)","(34.69230769230769, 130.46153846153845)"
JV,"(34.42307692307692, 130.46153846153845)","(34.69230769230769, 130.76923076923077)"
JW,"(34.42307692307692, 130.76923076923077)","(34.69230769230769, 131.07692307692307)"
JX,"(34.42307692307692, 131.07692307692307)","(34.69230769230769, 131.3846153846154)"
JY,"(34.42307692307692, 131.3846153846154)","(34.69230769230769, 131.69230769230768)"
JZ,"(34.42307692307692, 131.69230769230768)","(34.69230769230769, 132.0)"
KA,"(34.69230769230769, 124.0)","(34.96153846153846, 124.3076923076923)"
KB,"(34.69230769230769, 124.3076923076923)","(34.96153846153846, 124.61538461538461)"
KC,"(34.69230769230769, 124.61538461538461)","(34.96153846153846, 124.92307692307692)"
KD,"(34.69230769230769, 124.92307692307692)","(34.96153846153846, 125.23076923076923)"
KE,"(34.69230769230769, 125.23076923076923)","(34.96153846153846, 125.53846153846153)"
KF,"(34.69230769230769, 125.53846153846153)","(34.96153846153846, 125.84615384615384)"
KG,"(34.69230769230769, 125.84615384615384)","(34.96153846153846, 126.15384615384616)"
KH,"(34.69230769230769, 126.15384615384616)","(34.96153846153846, 126.46153846153847)"
KI,"(34.69230769230769, 126.46153846153847)","(34.96153846153846, 126.76923076923077)"
KJ,"(34.69230769230769, 126.76923076923077)","(34.96153846153846, 127.07692307692308)"
KK,"(34.69230769230769, 127.07692307692308)","(34.96153846153846, 127.38461538461539)"
KL,"(34.69230769230769, 127.38461538461539)","(34.96153846153846, 127.6923076923077)"
KM,"(34.69230769230769, 127.6923076923077)","(34.96153846153846, 128.0)"
KN,"(34.69230769230769, 128.0)","(34.96153846153846, 128.30769230769232)"
KO,"(34.69230769230769, 128.30769230769232)","(34.96153846153846, 128.6153846153846)"
KP,"(34.69230769230769, 128.6153846153846)","(34.96153846153846, 128.92307692307693)"
KQ,"(34.69230769230769, 128.92307692307693)","(34.96153846153846, 129.23076923076923)"
KR,"(34.69230769230769, 129.23076923076923)","(34.96153846153846, 129.53846153846155)"
KS,"(34.69230769230769, 129.53846153846155)","(34.96153846153846, 129.84615384615384)"
KT,"(34.69230769230769, 129.84615384615384)","(34.96153846153846, 130.15384615384616)"
KU,"(34.69230769230769, 130.15384615384616)","(34.96153846153846, 130.46153846153845)"
KV,"(34.69230769230769, 130.46153846153845)","(34.96153846153846, 130.76923076923077)"
KW,"(34.69230769230769, 130.76923076923077)","(34.96153846153846, 131.07692307692307)"
KX,"(34.69230769230769, 131.07692307692307)","(34.96153846153846, 131.3846153846154)"
KY,"(34.69230769230769, 131.3846153846154)","(34.96153846153846, 131.69230769230768)"
KZ,"(34.69230769230769, 131.69230769230768)","(34.96153846153846, 132.0)"
LA,"(34.96153846153846, 124.0)","(35.23076923076923, 124.3076923076923)"
LB,"(34.96153846153846, 124.3076923076923)","(35.23076923076923, 124.61538461538461)"
LC,"(34.96153846153846, 124.61538461538461)","(35.23076923076923, 124.92307692307692)"
LD,"(34.96153846153846, 124.92307692307692)","(35.23076923076923, 125.23076923076923)"
LE,"(34.96153846153846, 125.23076923076923)","(35.23076923076923, 125.53846153846153)"
LF,"(34.96153846153846, 125.53846153846153)","(35.23076923076923, 125.84615384615384)"
LG,"(34.96153846153846, 125.84615384615384)","(35.23076923076923, 126.15384615384616)"
LH,"(34.96153846153846, 126.15384615384616)","(35.23076923076923, 126.46153846153847)"
LI,"(34.96153846153846, 126.46153846153847)","(35.23076923076923, 126.76923076923077)"
LJ,"(34.96153846153846, 126.76923076923077)","(35.23076923076923, 127.07692307692308)"
LK,"(34.96153846153846, 127.07692307692308)","(35.23076923076923, 127.38461538461539)"
LL,"(34.96153846153846, 127.38461538461539)","(35.23076923076923, 127.6923076923077)"
LM,"(34.96153846153846, 127.6923076923077)","(35.23076923076923, 128.0)"
LN,"(34.96153846153846, 128.0)","(35.23076923076923, 128.30769230769232)"
LO,"(34.96153846153846, 128.30769230769232)","(35.23076923076923, 128.6153846153846)"
LP,"(34.96153846153846, 128.6153846153846)","(35.23076923076923, 128.92307692307693)"
LQ,"(34.96153846153846, 128.92307692307693)","(35.23076923076923, 129.23076923076923)"
LR,"(34.96153846153846, 129.23076923076923)","(35.23076923076923, 129.53846153846155)"
LS,"(34.96153846153846, 129.53846153846155)","(35.23076923076923, 129.84615384615384)"
LT,"(34.96153846153846, 129.84615384615384)","(35.23076923076923, 130.15384615384616)"
LU,"(34.96153846153846, 130.15384615384616)","(35.23076923076923, 130.46153846153845)"
LV,"(34.96153846153846, 130.46153846153845)","(35.23076923076923, 130.76923076923077)"
LW,"(34.96153846153846, 130.76923076923077)","(35.23076923076923, 131.07692307692307)"
LX,"(34.96153846153846, 131.07692307692307)","(35.23076923076923, 131.3846153846154)"
LY,"(34.96153846153846, 131.3846153846154)","(35.23076923076923, 131.69230769230768)"
LZ,"(34.96153846153846, 131.69230769230768)","(35.23076923076923, 132.0)"
MA,"(35.23076923076923, 124.0)","(35.5, 124.3076923076923)"
MB,"(35.23076923076923, 124.3076923076923)","(35.5, 124.61538461538461)"
MC,"(35.23076923076923, 124.61538461538461)","(35.5, 124.92307692307692)"
MD,"(35.23076923076923, 124.92307692307692)","(35.5, 125.23076923076923)"
ME,"(35.23076923076923, 125.23076923076923)","(35.5, 125.53846153846153)"
MF,"(35.23076923076923, 125.53846153846153)","(35.5, 125.84615384615384)"
MG,"(35.23076923076923, 125.84615384615384)","(35.5, 126.15384615384616)"
MH,"(35.23076923076923, 126.15384615384616)","(35.5, 126.46153846153847)"
MI,"(35.23076923076923, 126.46153846153847)","(35.5, 126.76923076923077)"
MJ,"(35.23076923076923, 126.76923076923077)","(35.5, 127.07692307692308)"
MK,"(35.23076923076923, 127.07692307692308)","(35.5, 127.38461538461539)"
ML,"(35.23076923076923, 127.38461538461539)","(35.5, 127.6923076923077)"
MM,"(35.23076923076923, 127.6923076923077)","(35.5, 128.0)"
MN,"(35.23076923076923, 128.0)","(35.5, 128.30769230769232)"
MO,"(35.23076923076923, 128.30769230769232)","(35.5, 128.6153846153846)"
MP,"(35.23076923076923, 128.6153846153846)","(35.5, 128.92307692307693)"
MQ,"(35.23076923076923, 128.92307692307693)","(35.5, 129.23076923076923)"
MR,"(35.23076923076923, 129.23076923076923)","(35.5, 129.53846153846155)"
MS,"(35.23076923076923, 129.53846153846155)","(35.5, 129.84615384615384)"
MT,"(35.23076923076923, 129.84615384615384)","(35.5, 130.15384615384616)"
MU,"(35.23076923076923, 130.15384615384616)","(35.5, 130.46153846153845)"
MV,"(35.23076923076923, 130.46153846153845)","(35.5, 130.76923076923077)"
MW,"(35.23076923076923, 130.76923076923077)","(35.5, 131.07692307692307)"
MX,"(35.23076923076923, 131.07692307692307)","(35.5, 131.3846153846154)"
MY,"(35.23076923076923, 131.3846153846154)","(35.5, 131.69230769230768)"
MZ,"(35.23076923076923, 131.69230769230768)","(35.5, 132.0)"
NA,"(35.5, 124.0)","(35.76923076923077, 124.3076923076923)"
NB,"(35.5, 124.3076923076923)","(35.76923076923077, 124.61538461538461)"
NC,"(35.5, 124.61538461538461)","(35.76923076923077, 124.92307692307692)"
ND,"(35.5, 124.92307692307692)","(35.76923076923077, 125.23076923076923)"
NE,"(35.5, 125.23076923076923)","(35.76923076923077, 125.53846153846153)"
NF,"(35.5, 125.53846153846153)","(35.76923076923077, 125.84615384615384)"
NG,"(35.5, 125.84615384615384)","(35.76923076923077, 126.15384615384616)"
NH,"(35.5, 126.15384615384616)","(35.76923076923077, 126.46153846153847)"
NI,"(35.5, 126.46153846153847)","(35.76923076923077, 126.76923076923077)"
NJ,"(35.5, 126.76923076923077)","(35.76923076923077, 127.07692307692308)"
NK,"(35.5, 127.07692307692308)","(35.76923076923077, 127.38461538461539)"
NL,"(35.5, 127.38461538461539)","(35.76923076923077, 127.6923076923077)"
NM,"(35.5, 127.6923076923077)","(35.76923076923077, 128.0)"
NN,"(35.5, 128.0)","(35.76923076923077, 128.30769230769232)"
NO,"(35.5, 128.30769230769232)","(35.76923076923077, 128.6153846153846)"
NP,"(35.5, 128.6153846153846)","(35.76923076923077, 128.92307692307693)"
NQ,"(35.5, 128.92307692307693)","(35.76923076923077, 129.23076923076923)"
NR,"(35.5, 129.23076923076923)","(35.76923076923077, 129.53846153846155)"
NS,"(35.5, 129.53846153846155)","(35.76923076923077, 129.84615384615384)"
NT,"(35.5, 129.84615384615384)","(35.76923076923077, 130.15384615384616)"
NU,"(35.5, 130.15384615384616)","(35.76923076923077, 130.46153846153845)"
NV,"(35.5, 130.46153846153845)","(35.76923076923077, 130.76923076923077)"
NW,"(35.5, 130.76923076923077)","(35.76923076923077, 131.07692307692307)"
NX,"(35.5, 131.07692307692307)","(35.76923076923077, 131.3846153846154)"
NY,"(35.5, 131.3846153846154)","(35.76923076923077, 131.69230769230768)"
NZ,"(35.5, 131.69230769230768)","(35.76923076923077, 132.0)"
OA,"(35.76923076923077, 124.0)","(36.03846153846154, 124.3076923076923)"
OB,"(35.76923076923077, 124.3076923076923)","(36.03846153846154, 124.61538461538461)"
OC,"(35.76923076923077, 124.61538461538461)","(36.03846153846154, 124.92307692307692)"
OD,"(35.76923076923077, 124.92307692307692)","(36.03846153846154, 125.23076923076923)"
OE,"(35.76923076923077, 125.23076923076923)","(36.03846153846154, 125.53846153846153)"
OF,"(35.76923076923077, 125.53846153846153)","(36.03846153846154, 125.84615384615384)"
OG,"(35.76923076923077, 125.84615384615384)","(36.03846153846154, 126.15384615384616)"
OH,"(35.76923076923077, 126.15384615384616)","(36.03846153846154, 126.46153846153847)"
OI,"(35.76923076923077, 126.46153846153847)","(36.03846153846154, 126.76923076923077)"
OJ,"(35.76923076923077, 126.76923076923077)","(36.03846153846154, 127.07692307692308)"
OK,"(35.76923076923077, 127.07692307692308)","(36.03846153846154, 127.38461538461539)"
OL,"(35.76923076923077, 127.38461538461539)","(36.03846153846154, 127.6923076923077)"
OM,"(35.76923076923077, 127.6923076923077)","(36.03846153846154, 128.0)"
ON,"(35.76923076923077, 128.0)","(36.03846153846154, 128.30769230769232)"
OO,"(35.76923076923077, 128.30769230769232)","(36.03846153846154, 128.6153846153846)"
OP,"(35.76923076923077, 128.6153846153846)","(36.03846153846154, 128.92307692307693)"
OQ,"(35.76923076923077, 128.92307692307693)","(36.03846153846154, 129.23076923076923)"
OR,"(35.76923076923077, 129.23076923076923)","(36.03846153846154, 129.53846153846155)"
OS,"(35.76923076923077, 129.53846153846155)","(36.03846153846154, 129.84615384615384)"
OT,"(35.76923076923077, 129.84615384615384)","(36.03846153846154, 130.15384615384616)"
OU,"(35.76923076923077, 130.15384615384616)","(36.03846153846154, 130.46153846153845)"
OV,"(35.76923076923077, 130.46153846153845)","(36.03846153846154, 130.76923076923077)"
OW,"(35.76923076923077, 130.76923076923077)","(36.03846153846154, 131.07692307692307)"
OX,"(35.76923076923077, 131.07692307692307)","(36.03846153846154, 131.3846153846154)"
OY,"(35.76923076923077, 131.3846153846154)","(36.03846153846154, 131.69230769230768)"
OZ,"(35.76923076923077, 131.69230769230768)","(36.03846153846154, 132.0)"
PA,"(36.03846153846154, 124.0)","(36.30769230769231, 124.3076923076923)"
PB,"(36.03846153846154, 124.3076923076923)","(36.30769230769231, 124.61538461538461)"
PC,"(36.03846153846154, 124.61538461538461)","(36.30769230769231, 124.92307692307692)"
PD,"(36.03846153846154, 124.92307692307692)","(36.30769230769231, 125.23076923076923)"
PE,"(36.03846153846154, 125.23076923076923)","(36.30769230769231, 125.53846153846153)"
PF,"(36.03846153846154, 125.53846153846153)","(36.30769230769231, 125.84615384615384)"
PG,"(36.03846153846154, 125.84615384615384)","(36.30769230769231, 126.15384615384616)"
PH,"(36.03846153846154, 126.15384615384616)","(36.30769230769231, 126.46153846153847)"
PI,"(36.03846153846154, 126.46153846153847)","(36.30769230769231, 126.76923076923077)"
PJ,"(36.03846153846154, 126.76923076923077)","(36.30769230769231, 127.07692307692308)"
PK,"(36.03846153846154, 127.07692307692308)","(36.30769230769231, 127.38461538461539)"
PL,"(36.03846153846154, 127.38461538461539)","(36.30769230769231, 127.6923076923077)"
PM,"(36.03846153846154, 127.6923076923077)","(36.30769230769231, 128.0)"
PN,"(36.03846153846154, 128.0)","(36.30769230769231, 128.30769230769232)"
PO,"(36.03846153846154, 128.30769230769232)","(36.30769230769231, 128.6153846153846)"
PP,"(36.03846153846154, 128.6153846153846)","(36.30769230769231, 128.92307692307693)"
PQ,"(36.03846153846154, 128.92307692307693)","(36.30769230769231, 129.23076923076923)"
PR,"(36.03846153846154, 129.23076923076923)","(36.30769230769231, 129.53846153846155)"
PS,"(36.03846153846154, 129.53846153846155)","(36.30769230769231, 129.84615384615384)"
PT,"(36.03846153846154, 129.84615384615384)","(36.30769230769231, 130.15384615384616)"
PU,"(36.03846153846154, 130.15384615384616)","(36.30769230769231, 130.46153846153845)"
PV,"(36.03846153846154, 130.46153846153845)","(36.30769230769231, 130.76923076923077)"
PW,"(36.03846153846154, 130.76923076923077)","(36.30769230769231, 131.07692307692307)"
PX,"(36.03846153846154, 131.07692307692307)","(36.30769230769231, 131.3846153846154)"
PY,"(36.03846153846154, 131.3846153846154)","(36.30769230769231, 131.69230769230768)"
PZ,"(36.03846153846154, 131.69230769230768)","(36.30769230769231, 132.0)"
QA,"(36.30769230769231, 124.0)","(36.57692307692308, 124.3076923076923)"
QB,"(36.30769230769231, 124.3076923076923)","(36.57692307692308, 124.61538461538461)"
QC,"(36.30769230769231, 124.61538461538461)","(36.57692307692308, 124.92307692307692)"
QD,"(36.30769230769231, 124.92307692307692)","(36.57692307692308, 125.23076923076923)"
QE,"(36.30769230769231, 125.23076923076923)","(36.57692307692308, 125.53846153846153)"
QF,"(36.30769230769231, 125.53846153846153)","(36.57692307692308, 125.84615384615384)"
QG,"(36.30769230769231, 125.84615384615384)","(36.57692307692308, 126.15384615384616)"
QH,"(36.30769230769231, 126.15384615384616)","(36.57692307692308, 126.46153846153847)"
QI,"(36.30769230769231, 126.46153846153847)","(36.57692307692308, 126.76923076923077)"
QJ,"(36.30769230769231, 126.76923076923077)","(36.57692307692308, 127.07692307692308)"
QK,"(36.30769230769231, 127.07692307692308)","(36.57692307692308, 127.38461538461539)"
QL,"(36.30769230769231, 127.38461538461539)","(36.57692307692308, 127.6923076923077)"
QM,"(36.30769230769231, 127.6923076923077)","(36.57692307692308, 128.0)"
QN,"(36.30769230769231, 128.0)","(36.57692307692308, 128.30769230769232)"
QO,"(36.30769230769231, 128.30769230769232)","(36.57692307692308, 128.6153846153846)"
QP,"(36.30769230769231, 128.6153846153846)","(36.57692307692308, 128.92307692307693)"
QQ,"(36.30769230769231, 128.92307692307693)","(36.57692307692308, 129.23076923076923)"
QR,"(36.30769230769231, 129.23076923076923)","(36.57692307692308, 129.53846153846155)"
QS,"(36.30769230769231, 129.53846153846155)","(36.57692307692308, 129.84615384615384)"
QT,"(36.30769230769231, 129.84615384615384)","(36.57692307692308, 130.15384615384616)"
QU,"(36.30769230769231, 130.15384615384616)","(36.57692307692308, 130.46153846153845)"
QV,"(36.30769230769231, 130.46153846153845)","(36.57692307692308, 130.76923076923077)"
QW,"(36.30769230769231, 130.76923076923077)","(36.57692307692308, 131.07692307692307)"
QX,"(36.30769230769231, 131.07692307692307)","(36.57692307692308, 131.3846153846154)"
QY,"(36.30769230769231, 131.3846153846154)","(36.57692307692308, 131.69230769230768)"
QZ,"(36.30769230769231, 131.69230769230768)","(36.57692307692308, 132.0)"
RA,"(36.57692307692308, 124.0)","(36.84615384615385, 124.3076923076923)"
RB,"(36.57692307692308, 124.3076923076923)","(36.84615384615385, 124.61538461538461)"
RC,"(36.57692307692308, 124.61538461538461)","(36.84615384615385, 124.92307692307692)"
RD,"(36.57692307692308, 124.92307692307692)","(36.84615384615385, 125.23076923076923)"
RE,"(36.57692307692308, 125.23076923076923)","(36.84615384615385, 125.53846153846153)"
RF,"(36.57692307692308, 125.53846153846153)","(36.84615384615385, 125.84615384615384)"
RG,"(36.57692307692308, 125.84615384615384)","(36.84615384615385, 126.15384615384616)"
RH,"(36.57692307692308, 126.15384615384616)","(36.84615384615385, 126.46153846153847)"
RI,"(36.57692307692308, 126.46153846153847)","(36.84615384615385, 126.76923076923077)"
RJ,"(36.57692307692308, 126.76923076923077)","(36.84615384615385, 127.07692307692308)"
RK,"(36.57692307692308, 127.07692307692308)","(36.84615384615385, 127.38461538461539)"
RL,"(36.57692307692308, 127.38461538461539)","(36.84615384615385, 127.6923076923077)"
RM,"(36.57692307692308, 127.6923076923077)","(36.84615384615385, 128.0)"
RN,"(36.57692307692308, 128.0)","(36.84615384615385, 128.30769230769232)"
RO,"(36.57692307692308, 128.30769230769232)","(36.84615384615385, 128.6153846153846)"
RP,"(36.57692307692308, 128.6153846153846)","(36.84615384615385, 128.92307692307693)"
RQ,"(36.57692307692308, 128.92307692307693)","(36.84615384615385, 129.23076923076923)"
RR,"(36.57692307692308, 129.23076923076923)","(36.84615384615385, 129.53846153846155)"
RS,"(36.57692307692308, 129.53846153846155)","(36.84615384615385, 129.84615384615384)"
RT,"(36.57692307692308, 129.84615384615384)","(36.84615384615385, 130.15384615384616)"
RU,"(36.57692307692308, 130.15384615384616)","(36.84615384615385, 130.46153846153845)"
RV,"(36.57692307692308, 130.46153846153845)","(36.84615384615385, 130.76923076923077)"
RW,"(36.57692307692308, 130.76923076923077)","(36.84615384615385, 131.07692307692307)"
RX,"(36.57692307692308, 131.07692307692307)","(36.84615384615385, 131.3846153846154)"
RY,"(36.57692307692308, 131.3846153846154)","(36.84615384615385, 131.69230769230768)"
RZ,"(36.57692307692308, 131.69230769230768)","(36.84615384615385, 132.0)"
SA,"(36.84615384615385, 124.0)","(37.11538461538461, 124.3076923076923)"
SB,"(36.84615384615385, 124.3076923076923)","(37.11538461538461, 124.61538461538461)"
SC,"(36.84615384615385, 124.61538461538461)","(37.11538461538461, 124.92307692307692)"
SD,"(36.84615384615385, 124.92307692307692)","(37.11538461538461, 125.23076923076923)"
SE,"(36.84615384615385, 125.23076923076923)","(37.11538461538461, 125.53846153846153)"
SF,"(36.84615384615385, 125.53846153846153)","(37.11538461538461, 125.84615384615384)"
SG,"(36.84615384615385, 125.84615384615384)","(37.11538461538461, 126.15384615384616)"
SH,"(36.84615384615385, 126.15384615384616)","(37.11538461538461, 126.46153846153847)"
SI,"(36.84615384615385, 126.46153846153847)","(37.11538461538461, 126.76923076923077)"
SJ,"(36.84615384615385, 126.76923076923077)","(37.11538461538461, 127.07692307692308)"
SK,"(36.84615384615385, 127.07692307692308)","(37.11538461538461, 127.38461538461539)"
SL,"(36.84615384615385, 127.38461538461539)","(37.11538461538461, 127.6923076923077)"
SM,"(36.84615384615385, 127.6923076923077)","(37.11538461538461, 128.0)"
SN,"(36.84615384615385, 128.0)","(37.11538461538461, 128.30769230769232)"
SO,"(36.84615384615385, 128.30769230769232)","(37.11538461538461, 128.6153846153846)"
SP,"(36.84615384615385, 128.6153846153846)","(37.11538461538461, 128.92307692307693)"
SQ,"(36.84615384615385, 128.92307692307693)","(37.11538461538461, 129.23076923076923)"
SR,"(36.84615384615385, 129.23076923076923)","(37.11538461538461, 129.53846153846155)"
SS,"(36.84615384615385, 129.53846153846155)","(37.11538461538461, 129.84615384615384)"
ST,"(36.84615384615385, 129.84615384615384)","(37.11538461538461, 130.15384615384616)"
SU,"(36.84615384615385, 130.15384615384616)","(37.11538461538461, 130.46153846153845)"
SV,"(36.84615384615385, 130.46153846153845)","(37.11538461538461, 130.76923076923077)"
SW,"(36.84615384615385, 130.76923076923077)","(37.11538461538461, 131.07692307692307)"
SX,"(36.84615384615385, 131.07692307692307)","(37.11538461538461, 131.3846153846154)"
SY,"(36.84615384615385, 131.3846153846154)","(37.11538461538461, 131.69230769230768)"
SZ,"(36.84615384615385, 131.69230769230768)","(37.11538461538461, 132.0)"
TA,"(37.11538461538461, 124.0)","(37.38461538461539, 124.3076923076923)"
TB,"(37.11538461538461, 124.3076923076923)","(37.38461538461539, 124.61538461538461)"
TC,"(37.11538461538461, 124.61538461538461)","(37.38461538461539, 124.92307692307692)"
TD,"(37.11538461538461, 124.92307692307692)","(37.38461538461539, 125.23076923076923)"
TE,"(37.11538461538461, 125.23076923076923)","(37.38461538461539, 125.53846153846153)"
TF,"(37.11538461538461, 125.53846153846153)","(37.38461538461539, 125.84615384615384)"
TG,"(37.11538461538461, 125.84615384615384)","(37.38461538461539, 126.15384615384616)"
TH,"(37.11538461538461, 126.15384615384616)","(37.38461538461539, 126.46153846153847)"
TI,"(37.11538461538461, 126.46153846153847)","(37.38461538461539, 126.76923076923077)"
TK,"(37.11538461538461, 127.07692307692308)","(37.38461538461539, 127.38461538461539)"
TL,"(37.11538461538461, 127.38461538461539)","(37.38461538461539, 127.6923076923077)"
TM,"(37.11538461538461, 127.6923076923077)","(37.38461538461539, 128.0)"
TN,"(37.11538461538461, 128.0)","(37.38461538461539, 128.30769230769232)"
TO,"(37.11538461538461, 128.30769230769232)","(37.38461538461539, 128.6153846153846)"
TP,"(37.11538461538461, 128.6153846153846)","(37.38461538461539, 128.92307692307693)"
TQ,"(37.11538461538461, 128.92307692307693)","(37.38461538461539, 129.23076923076923)"
TR,"(37.11538461538461, 129.23076923076923)","(37.38461538461539, 129.53846153846155)"
TS,"(37.11538461538461, 129.53846153846155)","(37.38461538461539, 129.84615384615384)"
TT,"(37.11538461538461, 129.84615384615384)","(37.38461538461539, 130.15384615384616)"
TU,"(37.11538461538461, 130.15384615384616)","(37.38461538461539, 130.46153846153845)"
TV,"(37.11538461538461, 130.46153846153845)","(37.38461538461539, 130.76923076923077)"
TW,"(37.11538461538461, 130.76923076923077)","(37.38461538461539, 131.07692307692307)"
TX,"(37.11538461538461, 131.07692307692307)","(37.38461538461539, 131.3846153846154)"
TY,"(37.11538461538461, 131.3846153846154)","(37.38461538461539, 131.69230769230768)"
TZ,"(37.11538461538461, 131.69230769230768)","(37.38461538461539, 132.0)"
UA,"(37.38461538461539, 124.0)","(37.65384615384615, 124.3076923076923)"
UB,"(37.38461538461539, 124.3076923076923)","(37.65384615384615, 124.61538461538461)"
UC,"(37.38461538461539, 124.61538461538461)","(37.65384615384615, 124.92307692307692)"
UD,"(37.38461538461539, 124.92307692307692)","(37.65384615384615, 125.23076923076923)"
UE,"(37.38461538461539, 125.23076923076923)","(37.65384615384615, 125.53846153846153)"
UF,"(37.38461538461539, 125.53846153846153)","(37.65384615384615, 125.84615384615384)"
UG,"(37.38461538461539, 125.84615384615384)","(37.65384615384615, 126.15384615384616)"
UH,"(37.38461538461539, 126.15384615384616)","(37.65384615384615, 126.46153846153847)"
UL,"(37.38461538461539, 127.38461538461539)","(37.65384615384615, 127.6923076923077)"
UM,"(37.38461538461539, 127.6923076923077)","(37.65384615384615, 128.0)"
UN,"(37.38461538461539, 128.0)","(37.65384615384615, 128.30769230769232)"
UO,"(37.38461538461539, 128.30769230769232)","(37.65384615384615, 128.6153846153846)"
UP,"(37.38461538461539, 128.6153846153846)","(37.65384615384615, 128.92307692307693)"
UQ,"(37.38461538461539, 128.92307692307693)","(37.65384615384615, 129.23076923076923)"
UR,"(37.38461538461539, 129.23076923076923)","(37.65384615384615, 129.53846153846155)"
US,"(37.38461538461539, 129.53846153846155)","(37.65384615384615, 129.84615384615384)"
UT,"(37.38461538461539, 129.84615384615384)","(37.65384615384615, 130.15384615384616)"
UU,"(37.38461538461539, 130.15384615384616)","(37.65384615384615, 130.46153846153845)"
UV,"(37.38461538461539, 130.46153846153845)","(37.65384615384615, 130.76923076923077)"
UW,"(37.38461538461539, 130.76923076923077)","(37.65384615384615, 131.07692307692307)"
UX,"(37.38461538461539, 131.07692307692307)","(37.65384615384615, 131.3846153846154)"
UY,"(37.38461538461539, 131.3846153846154)","(37.65384615384615, 131.69230769230768)"
UZ,"(37.38461538461539, 131.69230769230768)","(37.65384615384615, 132.0)"
VA,"(37.65384615384615, 124.0)","(37.92307692307692, 124.3076923076923)"
VB,"(37.65384615384615, 124.3076923076923)","(37.92307692307692, 124.61538461538461)"
VC,"(37.65384615384615, 124.61538461538461)","(37.92307692307692, 124.92307692307692)"
VD,"(37.65384615384615, 124.92307692307692)","(37.92307692307692, 125.23076923076923)"
VE,"(37.65384615384615, 125.23076923076923)","(37.92307692307692, 125.53846153846153)"
VF,"(37.65384615384615, 125.53846153846153)","(37.92307692307692, 125.84615384615384)"
VG,"(37.65384615384615, 125.84615384615384)","(37.92307692307692, 126.15384615384616)"
VH,"(37.65384615384615, 126.15384615384616)","(37.92307692307692, 126.46153846153847)"
VI,"(37.65384615384615, 126.46153846153847)","(37.92307692307692, 126.76923076923077)"
VJ,"(37.65384615384615, 126.76923076923077)","(37.92307692307692, 127.07692307692308)"
VK,"(37.65384615384615, 127.07692307692308)","(37.92307692307692, 127.38461538461539)"
VL,"(37.65384615384615, 127.38461538461539)","(37.92307692307692, 127.6923076923077)"
VM,"(37.65384615384615, 127.6923076923077)","(37.92307692307692, 128.0)"
VN,"(37.65384615384615, 128.0)","(37.92307692307692, 128.30769230769232)"
VO,"(37.65384615384615, 128.30769230769232)","(37.92307692307692, 128.6153846153846)"
VP,"(37.65384615384615, 128.6153846153846)","(37.92307692307692, 128.92307692307693)"
VQ,"(37.65384615384615, 128.92307692307693)","(37.92307692307692, 129.23076923076923)"
VR,"(37.65384615384615, 129.23076923076923)","(37.92307692307692, 129.53846153846155)"
VS,"(37.65384615384615, 129.53846153846155)","(37.92307692307692, 129.84615384615384)"
VT,"(37.65384615384615, 129.84615384615384)","(37.92307692307692, 130.15384615384616)"
VU,"(37.65384615384615, 130.15384615384616)","(37.92307692307692, 130.46153846153845)"
VV,"(37.65384615384615, 130.46153846153845)","(37.92307692307692, 130.76923076923077)"
VW,"(37.65384615384615, 130.76923076923077)","(37.92307692307692, 131.07692307692307)"
VX,"(37.65384615384615, 131.07692307692307)","(37.92307692307692, 131.3846153846154)"
VY,"(37.65384615384615, 131.3846153846154)","(37.92307692307692, 131.69230769230768)"
VZ,"(37.65384615384615, 131.69230769230768)","(37.92307692307692, 132.0)"
WA,"(37.92307692307692, 124.0)","(38.19230769230769, 124.3076923076923)"
WB,"(37.92307692307692, 124.3076923076923)","(38.19230769230769, 124.61538461538461)"
WC,"(37.92307692307692, 124.61538461538461)","(38.19230769230769, 124.92307692307692)"
WD,"(37.92307692307692, 124.92307692307692)","(38.19230769230769, 125.23076923076923)"
WE,"(37.92307692307692, 125.23076923076923)","(38.19230769230769, 125.53846153846153)"
WF,"(37.92307692307692, 125.53846153846153)","(38.19230769230769, 125.84615384615384)"
WG,"(37.92307692307692, 125.84615384615384)","(38.19230769230769, 126.15384615384616)"
WH,"(37.92307692307692, 126.15384615384616)","(38.19230769230769, 126.46153846153847)"
WI,"(37.92307692307692, 126.46153846153847)","(38.19230769230769, 126.76923076923077)"
WJ,"(37.92307692307692, 126.76923076923077)","(38.19230769230769, 127.07692307692308)"
WK,"(37.92307692307692, 127.07692307692308)","(38.19230769230769, 127.38461538461539)"
WL,"(37.92307692307692, 127.38461538461539)","(38.19230769230769, 127.6923076923077)"
WM,"(37.92307692307692, 127.6923076923077)","(38.19230769230769, 128.0)"
WN,"(37.92307692307692, 128.0)","(38.19230769230769, 128.30769230769232)"
WO,"(37.92307692307692, 128.30769230769232)","(38.19230769230769, 128.6153846153846)"
WP,"(37.92307692307692, 128.6153846153846)","(38.19230769230769, 128.92307692307693)"
WQ,"(37.92307692307692, 128.92307692307693)","(38.19230769230769, 129.23076923076923)"
WR,"(37.92307692307692, 129.23076923076923)","(38.19230769230769, 129.53846153846155)"
WS,"(37.92307692307692, 129.53846153846155)","(38.19230769230769, 129.84615384615384)"
WT,"(37.92307692307692, 129.84615384615384)","(38.19230769230769, 130.15384615384616)"
WU,"(37.92307692307692, 130.15384615384616)","(38.19230769230769, 130.46153846153845)"
WV,"(37.92307692307692, 130.46153846153845)","(38.19230769230769, 130.76923076923077)"
WW,"(37.92307692307692, 130.76923076923077)","(38.19230769230769, 131.07692307692307)"
WX,"(37.92307692307692, 131.07692307692307)","(38.19230769230769, 131.3846153846154)"
WY,"(37.92307692307692, 131.3846153846154)","(38.19230769230769, 131.69230769230768)"
WZ,"(37.92307692307692, 131.69230769230768)","(38.19230769230769, 132.0)"
XA,"(38.19230769230769, 124.0)","(38.46153846153846, 124.3076923076923)"
XB,"(38.19230769230769, 124.3076923076923)","(38.46153846153846, 124.61538461538461)"
XC,"(38.19230769230769, 124.61538461538461)","(38.46153846153846, 124.92307692307692)"
XD,"(38.19230769230769, 124.92307692307692)","(38.46153846153846, 125.23076923076923)"
XE,"(38.19230769230769, 125.23076923076923)","(38.46153846153846, 125.53846153846153)"
XF,"(38.19230769230769, 125.53846153846153)","(38.46153846153846, 125.84615384615384)"
XG,"(38.19230769230769, 125.84615384615384)","(38.46153846153846, 126.15384615384616)"
XH,"(38.19230769230769, 126.15384615384616)","(38.46153846153846, 126.46153846153847)"
XI,"(38.19230769230769, 126.46153846153847)","(38.46153846153846, 126.76923076923077)"
XJ,"(38.19230769230769, 126.76923076923077)","(38.46153846153846, 127.07692307692308)"
XK,"(38.19230769230769, 127.07692307692308)","(38.46153846153846, 127.38461538461539)"
XL,"(38.19230769230769, 127.38461538461539)","(38.46153846153846, 127.6923076923077)"
XM,"(38.19230769230769, 127.6923076923077)","(38.46153846153846, 128.0)"
XN,"(38.19230769230769, 128.0)","(38.46153846153846, 128.30769230769232)"
XO,"(38.19230769230769, 128.30769230769232)","(38.46153846153846, 128.6153846153846)"
XP,"(38.19230769230769, 128.6153846153846)","(38.46153846153846, 128.92307692307693)"
XQ,"(38.19230769230769, 128.92307692307693)","(38.46153846153846, 129.23076923076923)"
XR,"(38.19230769230769, 129.23076923076923)","(38.46153846153846, 129.53846153846155)"
XS,"(38.19230769230769, 129.53846153846155)","(38.46153846153846, 129.84615384615384)"
XT,"(38.19230769230769, 129.84615384615384)","(38.46153846153846, 130.15384615384616)"
XU,"(38.19230769230769, 130.15384615384616)","(38.46153846153846, 130.46153846153845)"
XV,"(38.19230769230769, 130.46153846153845)","(38.46153846153846, 130.76923076923077)"
XW,"(38.19230769230769, 130.76923076923077)","(38.46153846153846, 131.07692307692307)"
XX,"(38.19230769230769, 131.07692307692307)","(38.46153846153846, 131.3846153846154)"
XY,"(38.19230769230769, 131.3846153846154)","(38.46153846153846, 131.69230769230768)"
XZ,"(38.19230769230769, 131.69230769230768)","(38.46153846153846, 132.0)"
YA,"(38.46153846153846, 124.0)","(38.73076923076923, 124.3076923076923)"
YB,"(38.46153846153846, 124.3076923076923)","(38.73076923076923, 124.61538461538461)"
YC,"(38.46153846153846, 124.61538461538461)","(38.73076923076923, 124.92307692307692)"
YD,"(38.46153846153846, 124.92307692307692)","(38.73076923076923, 125.23076923076923)"
YE,"(38.46153846153846, 125.23076923076923)","(38.73076923076923, 125.53846153846153)"
YF,"(38.46153846153846, 125.53846153846153)","(38.73076923076923, 125.84615384615384)"
YG,"(38.46153846153846, 125.84615384615384)","(38.73076923076923, 126.15384615384616)"
YH,"(38.46153846153846, 126.15384615384616)","(38.73076923076923, 126.46153846153847)"
YI,"(38.46153846153846, 126.46153846153847)","(38.73076923076923, 126.76923076923077)"
YJ,"(38.46153846153846, 126.76923076923077)","(38.73076923076923, 127.07692307692308)"
YK,"(38.46153846153846, 127.07692307692308)","(38.73076923076923, 127.38461538461539)"
YL,"(38.46153846153846, 127.38461538461539)","(38.73076923076923, 127.6923076923077)"
YM,"(38.46153846153846, 127.6923076923077)","(38.73076923076923, 128.0)"
YN,"(38.46153846153846, 128.0)","(38.73076923076923, 128.30769230769232)"
YO,"(38.46153846153846, 128.30769230769232)","(38.73076923076923, 128.6153846153846)"
YP,"(38.46153846153846, 128.6153846153846)","(38.73076923076923, 128.92307692307693)"
YQ,"(38.46153846153846, 128.92307692307693)","(38.73076923076923, 129.23076923076923)"
YR,"(38.46153846153846, 129.23076923076923)","(38.73076923076923, 129.53846153846155)"
YS,"(38.46153846153846, 129.53846153846155)","(38.73076923076923, 129.84615384615384)"
YT,"(38.46153846153846, 129.84615384615384)","(38.73076923076923, 130.15384615384616)"
YU,"(38.46153846153846, 130.15384615384616)","(38.73076923076923, 130.46153846153845)"
YV,"(38.46153846153846, 130.46153846153845)","(38.73076923076923, 130.76923076923077)"
YW,"(38.46153846153846, 130.76923076923077)","(38.73076923076923, 131.07692307692307)"
YX,"(38.46153846153846, 131.07692307692307)","(38.73076923076923, 131.3846153846154)"
YY,"(38.46153846153846, 131.3846153846154)","(38.73076923076923, 131.69230769230768)"
YZ,"(38.46153846153846, 131.69230769230768)","(38.73076923076923, 132.0)"
ZA,"(38.73076923076923, 124.0)","(39.0, 124.3076923076923)"
ZB,"(38.73076923076923, 124.3076923076923)","(39.0, 124.61538461538461)"
ZC,"(38.73076923076923, 124.61538461538461)","(39.0, 124.92307692307692)"
ZD,"(38.73076923076923, 124.92307692307692)","(39.0, 125.23076923076923)"
ZE,"(38.73076923076923, 125.23076923076923)","(39.0, 125.53846153846153)"
ZF,"(38.73076923076923, 125.53846153846153)","(39.0, 125.84615384615384)"
ZG,"(38.73076923076923, 125.84615384615384)","(39.0, 126.15384615384616)"
ZH,"(38.73076923076923, 126.15384615384616)","(39.0, 126.46153846153847)"
ZI,"(38.73076923076923, 126.46153846153847)","(39.0, 126.76923076923077)"
ZJ,"(38.73076923076923, 126.76923076923077)","(39.0, 127.07692307692308)"
ZK,"(38.73076923076923, 127.07692307692308)","(39.0, 127.38461538461539)"
ZL,"(38.73076923076923, 127.38461538461539)","(39.0, 127.6923076923077)"
ZM,"(38.73076923076923, 127.6923076923077)","(39.0, 128.0)"
ZN,"(38.73076923076923, 128.0)","(39.0, 128.30769230769232)"
ZO,"(38.73076923076923, 128.30769230769232)","(39.0, 128.6153846153846)"
ZP,"(38.73076923076923, 128.6153846153846)","(39.0, 128.92307692307693)"
ZQ,"(38.73076923076923, 128.92307692307693)","(39.0, 129.23076923076923)"
ZR,"(38.73076923076923, 129.23076923076923)","(39.0, 129.53846153846155)"
ZS,"(38.73076923076923, 129.53846153846155)","(39.0, 129.84615384615384)"
ZT,"(38.73076923076923, 129.84615384615384)","(39.0, 130.15384615384616)"
ZU,"(38.73076923076923, 130.15384615384616)","(39.0, 130.46153846153845)"
ZV,"(38.73076923076923, 130.46153846153845)","(39.0, 130.76923076923077)"
ZW,"(38.73076923076923, 130.76923076923077)","(39.0, 131.07692307692307)"
ZX,"(38.73076923076923, 131.07692307692307)","(39.0, 131.3846153846154)"
ZY,"(38.73076923076923, 131.3846153846154)","(39.0, 131.69230769230768)"
ZZ,"(38.73076923076923, 131.69230769230768)","(39.0, 132.0)"
TJC,"(37.11538461538461, 126.76923076923077)","(37.25, 126.92307692307693)"
TJD,"(37.11538461538461, 126.92307692307693)","(37.25, 127.07692307692308)"
TJB,"(37.25, 126.92307692307693)","(37.38461538461539, 127.07692307692308)"
UIC,"(37.38461538461539, 126.46153846153847)","(37.519230769230774, 126.61538461538461)"
UIA,"(37.519230769230774, 126.46153846153847)","(37.65384615384615, 126.61538461538461)"
UIB,"(37.519230769230774, 126.61538461538461)","(37.65384615384615, 126.76923076923077)"
UKD,"(37.38461538461539, 127.23076923076923)","(37.519230769230774, 127.38461538461539)"
TJAC,"(37.25, 126.76923076923077)","(37.31730769230769, 126.84615384615385)"
TJAD,"(37.25, 126.84615384615385)","(37.31730769230769, 126.92307692307693)"
TJAB,"(37.31730769230769, 126.84615384615385)","(37.38461538461539, 126.92307692307693)"
UIDC,"(37.38461538461539, 126.61538461538461)","(37.45192307692308, 126.6923076923077)"
UIDA,"(37.45192307692308, 126.61538461538461)","(37.519230769230774, 126.6923076923077)"
UJCD,"(37.38461538461539, 126.84615384615385)","(37.45192307692308, 126.92307692307693)"
UJAC,"(37.519230769230774, 126.76923076923077)","(37.58653846153847, 126.84615384615385)"
UJAA,"(37.58653846153847, 126.76923076923077)","(37.65384615384615, 126.84615384615385)"
UJAB,"(37.58653846153847, 126.84615384615385)","(37.65384615384615, 126.92307692307693)"
UJDC,"(37.38461538461539, 126.92307692307693)","(37.45192307692308, 127.0)"
UJDD,"(37.38461538461539, 127.0)","(37.45192307692308, 127.07692307692308)"
UJBA,"(37.58653846153847, 126.92307692307693)","(37.65384615384615, 127.0)"
UJBB,"(37.58653846153847, 127.0)","(37.65384615384615, 127.07692307692308)"
UKCC,"(37.38461538461539, 127.07692307692308)","(37.45192307692308, 127.15384615384616)"
UKCD,"(37.38461538461539, 127.15384615384616)","(37.45192307692308, 127.23076923076923)"
UKCB,"(37.45192307692308, 127.15384615384616)","(37.519230769230774, 127.23076923076923)"
UKAA,"(37.58653846153847, 127.07692307692308)","(37.65384615384615, 127.15384615384616)"
UKAB,"(37.58653846153847, 127.15384615384616)","(37.65384615384615, 127.23076923076923)"
UKBA,"(37.58653846153847, 127.23076923076923)","(37.65384615384615, 127.3076923076923)"
UKBD,"(37.519230769230774, 127.3076923076923)","(37.58653846153847, 127.38461538461539)"
UKBB,"(37.58653846153847, 127.3076923076923)","(37.65384615384615, 127.38461538461539)"
TJAAC,"(37.31730769230769, 126.76923076923077)","(37.35096153846154, 126.80769230769232)"
TJAAA,"(37.35096153846154, 126.76923076923077)","(37.38461538461539, 126.80769230769232)"
TJAAD,"(37.31730769230769, 126.80769230769232)","(37.35096153846154, 126.84615384615385)"
UIDDC,"(37.38461538461539, 126.6923076923077)","(37.41826923076923, 126.73076923076923)"
UIDDA,"(37.41826923076923, 126.6923076923077)","(37.45192307692308, 126.73076923076923)"
UIDDD,"(37.38461538461539, 126.73076923076923)","(37.41826923076923, 126.76923076923077)"
UIDBC,"(37.45192307692308, 126.6923076923077)","(37.48557692307693, 126.73076923076923)"
UIDBA,"(37.48557692307693, 126.6923076923077)","(37.519230769230774, 126.73076923076923)"
UIDBB,"(37.48557692307693, 126.73076923076923)","(37.519230769230774, 126.76923076923077)"
UJCCC,"(37.38461538461539, 126.76923076923077)","(37.41826923076923, 126.80769230769232)"
UJCAA,"(37.48557692307693, 126.76923076923077)","(37.519230769230774, 126.80769230769232)"
UJCAD,"(37.45192307692308, 126.80769230769232)","(37.48557692307693, 126.84615384615385)"
UJCAB,"(37.48557692307693, 126.80769230769232)","(37.519230769230774, 126.84615384615385)"
UJCBC,"(37.45192307692308, 126.84615384615385)","(37.48557692307693, 126.88461538461539)"
UJCBD,"(37.45192307692308, 126.88461538461539)","(37.48557692307693, 126.92307692307693)"
UJADC,"(37.519230769230774, 126.84615384615385)","(37.55288461538462, 126.88461538461539)"
UJADA,"(37.55288461538462, 126.84615384615385)","(37.58653846153847, 126.88461538461539)"
UJADD,"(37.519230769230774, 126.88461538461539)","(37.55288461538462, 126.92307692307693)"
UJDAA,"(37.48557692307693, 126.92307692307693)","(37.519230769230774, 126.96153846153847)"
UJDAD,"(37.45192307692308, 126.96153846153847)","(37.48557692307693, 127.0)"
UJDAB,"(37.48557692307693, 126.96153846153847)","(37.519230769230774, 127.0)"
UJDBC,"(37.45192307692308, 127.0)","(37.48557692307693, 127.03846153846155)"
UJDBD,"(37.45192307692308, 127.03846153846155)","(37.48557692307693, 127.07692307692308)"
UJBCA,"(37.55288461538462, 126.92307692307693)","(37.58653846153847, 126.96153846153847)"
UJBCD,"(37.519230769230774, 126.96153846153847)","(37.55288461538462, 127.0)"
UJBCB,"(37.55288461538462, 126.96153846153847)","(37.58653846153847, 127.0)"
UJBDC,"(37.519230769230774, 127.0)","(37.55288461538462, 127.03846153846155)"
UJBDA,"(37.55288461538462, 127.0)","(37.58653846153847, 127.03846153846155)"
UJBDB,"(37.55288461538462, 127.03846153846155)","(37.58653846153847, 127.07692307692308)"
UKCAC,"(37.45192307692308, 127.07692307692308)","(37.48557692307693, 127.11538461538461)"
UKCAD,"(37.45192307692308, 127.11538461538461)","(37.48557692307693, 127.15384615384616)"
UKCAB,"(37.48557692307693, 127.11538461538461)","(37.519230769230774, 127.15384615384616)"
UKACC,"(37.519230769230774, 127.07692307692308)","(37.55288461538462, 127.11538461538461)"
UKACD,"(37.519230769230774, 127.11538461538461)","(37.55288461538462, 127.15384615384616)"
UKACB,"(37.55288461538462, 127.11538461538461)","(37.58653846153847, 127.15384615384616)"
UKBCD,"(37.519230769230774, 127.26923076923077)","(37.55288461538462, 127.3076923076923)"
UKBCB,"(37.55288461538462, 127.26923076923077)","(37.58653846153847, 127.3076923076923)"
TJAABC,"(37.35096153846154, 126.80769230769232)","(37.36778846153847, 126.8269230769231)"
TJAABA,"(37.36778846153847, 126.80769230769232)","(37.38461538461539, 126.8269230769231)"
TJAABD,"(37.35096153846154, 126.8269230769231)","(37.36778846153847, 126.84615384615385)"
UIDDBC,"(37.41826923076923, 126.73076923076923)","(37.43509615384616, 126.75)"
UIDDBD,"(37.41826923076923, 126.75)","(37.43509615384616, 126.76923076923077)"
UIDBDA,"(37.46875, 126.73076923076923)","(37.48557692307693, 126.75)"
UIDBDD,"(37.45192307692308, 126.75)","(37.46875, 126.76923076923077)"
UIDBDB,"(37.46875, 126.75)","(37.48557692307693, 126.76923076923077)"
UJCCAC,"(37.41826923076923, 126.76923076923077)","(37.43509615384616, 126.78846153846155)"
UJCCDC,"(37.38461538461539, 126.80769230769232)","(37.40144230769231, 126.8269230769231)"
UJCCBD,"(37.41826923076923, 126.8269230769231)","(37.43509615384616, 126.84615384615385)"
UJCCBB,"(37.43509615384616, 126.8269230769231)","(37.45192307692308, 126.84615384615385)"
UJCACA,"(37.46875, 126.76923076923077)","(37.48557692307693, 126.78846153846155)"
UJCACB,"(37.46875, 126.78846153846155)","(37.48557692307693, 126.80769230769232)"
UJCBAA,"(37.502403846153854, 126.84615384615385)","(37.519230769230774, 126.86538461538461)"
UJCBAB,"(37.502403846153854, 126.86538461538461)","(37.519230769230774, 126.88461538461539)"
UJCBBC,"(37.48557692307693, 126.88461538461539)","(37.502403846153854, 126.90384615384616)"
UJCBBD,"(37.48557692307693, 126.90384615384616)","(37.502403846153854, 126.92307692307693)"
UJCBBB,"(37.502403846153854, 126.90384615384616)","(37.519230769230774, 126.92307692307693)"
UJADBC,"(37.55288461538462, 126.88461538461539)","(37.56971153846155, 126.90384615384616)"
UJADBA,"(37.56971153846155, 126.88461538461539)","(37.58653846153847, 126.90384615384616)"
UJADBB,"(37.56971153846155, 126.90384615384616)","(37.58653846153847, 126.92307692307693)"
UJDACC,"(37.45192307692308, 126.92307692307693)","(37.46875, 126.94230769230771)"
UJDACA,"(37.46875, 126.92307692307693)","(37.48557692307693, 126.94230769230771)"
UJDACD,"(37.45192307692308, 126.94230769230771)","(37.46875, 126.96153846153847)"
UJDBAC,"(37.48557692307693, 127.0)","(37.502403846153854, 127.01923076923077)"
UJDBAA,"(37.502403846153854, 127.0)","(37.519230769230774, 127.01923076923077)"
UJDBAB,"(37.502403846153854, 127.01923076923077)","(37.519230769230774, 127.03846153846155)"
UJDBBC,"(37.48557692307693, 127.03846153846155)","(37.502403846153854, 127.05769230769232)"
UJDBBA,"(37.502403846153854, 127.03846153846155)","(37.519230769230774, 127.05769230769232)"
UJDBBD,"(37.48557692307693, 127.05769230769232)","(37.502403846153854, 127.07692307692308)"
UJBCCD,"(37.519230769230774, 126.94230769230771)","(37.53605769230769, 126.96153846153847)"
UJBCCB,"(37.53605769230769, 126.94230769230771)","(37.55288461538462, 126.96153846153847)"
UJBDDC,"(37.519230769230774, 127.03846153846155)","(37.53605769230769, 127.05769230769232)"
UJBDDA,"(37.53605769230769, 127.03846153846155)","(37.55288461538462, 127.05769230769232)"
UJBDDB,"(37.53605769230769, 127.05769230769232)","(37.55288461538462, 127.07692307692308)"
UKCAAC,"(37.48557692307693, 127.07692307692308)","(37.502403846153854, 127.09615384615384)"
UKCAAD,"(37.48557692307693, 127.09615384615384)","(37.502403846153854, 127.11538461538461)"
UKACAD,"(37.55288461538462, 127.09615384615384)","(37.56971153846155, 127.11538461538461)"
UKACAB,"(37.56971153846155, 127.09615384615384)","(37.58653846153847, 127.11538461538461)"
UKADCC,"(37.519230769230774, 127.15384615384616)","(37.53605769230769, 127.17307692307693)"
UKADCA,"(37.53605769230769, 127.15384615384616)","(37.55288461538462, 127.17307692307693)"
UKADCD,"(37.519230769230774, 127.17307692307693)","(37.53605769230769, 127.1923076923077)"
UKADAC,"(37.55288461538462, 127.15384615384616)","(37.56971153846155, 127.17307692307693)"
UKADAA,"(37.56971153846155, 127.15384615384616)","(37.58653846153847, 127.17307692307693)"
UKADAB,"(37.56971153846155, 127.17307692307693)","(37.58653846153847, 127.1923076923077)"
UKADDC,"(37.519230769230774, 127.1923076923077)","(37.53605769230769, 127.21153846153845)"
UKADBA,"(37.56971153846155, 127.1923076923077)","(37.58653846153847, 127.21153846153845)"
UKADBD,"(37.55288461538462, 127.21153846153845)","(37.56971153846155, 127.23076923076923)"
UKADBB,"(37.56971153846155, 127.21153846153845)","(37.58653846153847, 127.23076923076923)"
UKBCCC,"(37.519230769230774, 127.23076923076923)","(37.53605769230769, 127.25)"
UKBCCD,"(37.519230769230774, 127.25)","(37.53605769230769, 127.26923076923077)"
UKBCCB,"(37.53605769230769, 127.25)","(37.55288461538462, 127.26923076923077)"
UKBCAA,"(37.56971153846155, 127.23076923076923)","(37.58653846153847, 127.25)"
UKBCAD,"(37.55288461538462, 127.25)","(37.56971153846155, 127.26923076923077)"
UKBCAB,"(37.56971153846155, 127.25)","(37.58653846153847, 127.26923076923077)"
TJAABBC,"(37.36778846153847, 126.8269230769231)","(37.37620192307693, 126.83653846153848)"
TJAABBA,"(37.37620192307693, 126.8269230769231)","(37.38461538461539, 126.83653846153848)"
TJAABBD,"(37.36778846153847, 126.83653846153848)","(37.37620192307693, 126.84615384615385)"
TJAABBB,"(37.37620192307693, 126.83653846153848)","(37.38461538461539, 126.84615384615385)"
UIDDBAC,"(37.43509615384616, 126.73076923076923)","(37.44350961538462, 126.74038461538461)"
UIDDBAA,"(37.44350961538462, 126.73076923076923)","(37.45192307692308, 126.74038461538461)"
UIDDBAD,"(37.43509615384616, 126.74038461538461)","(37.44350961538462, 126.75)"
UIDDBAB,"(37.44350961538462, 126.74038461538461)","(37.45192307692308, 126.75)"
UIDDBBC,"(37.43509615384616, 126.75)","(37.44350961538462, 126.75961538461539)"
UIDDBBA,"(37.44350961538462, 126.75)","(37.45192307692308, 126.75961538461539)"
UIDDBBD,"(37.43509615384616, 126.75961538461539)","(37.44350961538462, 126.76923076923077)"
UIDDBBB,"(37.44350961538462, 126.75961538461539)","(37.45192307692308, 126.76923076923077)"
UIDBDCC,"(37.45192307692308, 126.73076923076923)","(37.46033653846154, 126.74038461538461)"
UIDBDCA,"(37.46033653846154, 126.73076923076923)","(37.46875, 126.74038461538461)"
UIDBDCD,"(37.45192307692308, 126.74038461538461)","(37.46033653846154, 126.75)"
UIDBDCB,"(37.46033653846154, 126.74038461538461)","(37.46875, 126.75)"
UJCCAAC,"(37.43509615384616, 126.76923076923077)","(37.44350961538462, 126.77884615384616)"
UJCCAAA,"(37.44350961538462, 126.76923076923077)","(37.45192307692308, 126.77884615384616)"
UJCCAAD,"(37.43509615384616, 126.77884615384616)","(37.44350961538462, 126.78846153846155)"
UJCCAAB,"(37.44350961538462, 126.77884615384616)","(37.45192307692308, 126.78846153846155)"
UJCCADC,"(37.41826923076923, 126.78846153846155)","(37.42668269230769, 126.79807692307693)"
UJCCADA,"(37.42668269230769, 126.78846153846155)","(37.43509615384616, 126.79807692307693)"
UJCCADD,"(37.41826923076923, 126.79807692307693)","(37.42668269230769, 126.80769230769232)"
UJCCADB,"(37.42668269230769, 126.79807692307693)","(37.43509615384616, 126.80769230769232)"
UJCCABC,"(37.43509615384616, 126.78846153846155)","(37.44350961538462, 126.79807692307693)"
UJCCABA,"(37.44350961538462, 126.78846153846155)","(37.45192307692308, 126.79807692307693)"
UJCCABD,"(37.43509615384616, 126.79807692307693)","(37.44350961538462, 126.80769230769232)"
UJCCABB,"(37.44350961538462, 126.79807692307693)","(37.45192307692308, 126.80769230769232)"
UJCCDAC,"(37.40144230769231, 126.80769230769232)","(37.409855769230774, 126.81730769230771)"
UJCCDAA,"(37.409855769230774, 126.80769230769232)","(37.41826923076923, 126.81730769230771)"
UJCCDAD,"(37.40144230769231, 126.81730769230771)","(37.409855769230774, 126.8269230769231)"
UJCCDAB,"(37.409855769230774, 126.81730769230771)","(37.41826923076923, 126.8269230769231)"
UJCCDDC,"(37.38461538461539, 126.8269230769231)","(37.39302884615385, 126.83653846153848)"
UJCCDDA,"(37.39302884615385, 126.8269230769231)","(37.40144230769231, 126.83653846153848)"
UJCCDDD,"(37.38461538461539, 126.83653846153848)","(37.39302884615385, 126.84615384615385)"
UJCCDDB,"(37.39302884615385, 126.83653846153848)","(37.40144230769231, 126.84615384615385)"
UJCCDBC,"(37.40144230769231, 126.8269230769231)","(37.409855769230774, 126.83653846153848)"
UJCCDBA,"(37.409855769230774, 126.8269230769231)","(37.41826923076923, 126.83653846153848)"
UJCCDBD,"(37.40144230769231, 126.83653846153848)","(37.409855769230774, 126.84615384615385)"
UJCCDBB,"(37.409855769230774, 126.83653846153848)","(37.41826923076923, 126.84615384615385)"
UJCCBCC,"(37.41826923076923, 126.80769230769232)","(37.42668269230769, 126.81730769230771)"
UJCCBCA,"(37.42668269230769, 126.80769230769232)","(37.43509615384616, 126.81730769230771)"
UJCCBCD,"(37.41826923076923, 126.81730769230771)","(37.42668269230769, 126.8269230769231)"
UJCCBCB,"(37.42668269230769, 126.81730769230771)","(37.43509615384616, 126.8269230769231)"
UJCCBAC,"(37.43509615384616, 126.80769230769232)","(37.44350961538462, 126.81730769230771)"
UJCCBAA,"(37.44350961538462, 126.80769230769232)","(37.45192307692308, 126.81730769230771)"
UJCCBAD,"(37.43509615384616, 126.81730769230771)","(37.44350961538462, 126.8269230769231)"
UJCCBAB,"(37.44350961538462, 126.81730769230771)","(37.45192307692308, 126.8269230769231)"
UJCACCC,"(37.45192307692308, 126.76923076923077)","(37.46033653846154, 126.77884615384616)"
UJCACCA,"(37.46033653846154, 126.76923076923077)","(37.46875, 126.77884615384616)"
UJCACCD,"(37.45192307692308, 126.77884615384616)","(37.46033653846154, 126.78846153846155)"
UJCACCB,"(37.46033653846154, 126.77884615384616)","(37.46875, 126.78846153846155)"
UJCACDC,"(37.45192307692308, 126.78846153846155)","(37.46033653846154, 126.79807692307693)"
UJCACDA,"(37.46033653846154, 126.78846153846155)","(37.46875, 126.79807692307693)"
UJCACDD,"(37.45192307692308, 126.79807692307693)","(37.46033653846154, 126.80769230769232)"
UJCACDB,"(37.46033653846154, 126.79807692307693)","(37.46875, 126.80769230769232)"
UJCBACC,"(37.48557692307693, 126.84615384615385)","(37.49399038461539, 126.85576923076923)"
UJCBACA,"(37.49399038461539, 126.84615384615385)","(37.502403846153854, 126.85576923076923)"
UJCBACD,"(37.48557692307693, 126.85576923076923)","(37.49399038461539, 126.86538461538461)"
UJCBACB,"(37.49399038461539, 126.85576923076923)","(37.502403846153854, 126.86538461538461)"
UJCBADC,"(37.48557692307693, 126.86538461538461)","(37.49399038461539, 126.875)"
UJCBADA,"(37.49399038461539, 126.86538461538461)","(37.502403846153854, 126.875)"
UJCBADD,"(37.48557692307693, 126.875)","(37.49399038461539, 126.88461538461539)"
UJCBADB,"(37.49399038461539, 126.875)","(37.502403846153854, 126.88461538461539)"
UJCBBAC,"(37.502403846153854, 126.88461538461539)","(37.510817307692314, 126.89423076923077)"
UJCBBAA,"(37.510817307692314, 126.88461538461539)","(37.519230769230774, 126.89423076923077)"
UJCBBAD,"(37.502403846153854, 126.89423076923077)","(37.510817307692314, 126.90384615384616)"
UJCBBAB,"(37.510817307692314, 126.89423076923077)","(37.519230769230774, 126.90384615384616)"
UJADBDC,"(37.55288461538462, 126.90384615384616)","(37.56129807692308, 126.91346153846155)"
UJADBDA,"(37.56129807692308, 126.90384615384616)","(37.56971153846155, 126.91346153846155)"
UJADBDD,"(37.55288461538462, 126.91346153846155)","(37.56129807692308, 126.92307692307693)"
UJADBDB,"(37.56129807692308, 126.91346153846155)","(37.56971153846155, 126.92307692307693)"
UJDACBC,"(37.46875, 126.94230769230771)","(37.47716346153847, 126.9519230769231)"
UJDACBA,"(37.47716346153847, 126.94230769230771)","(37.48557692307693, 126.9519230769231)"
UJDACBD,"(37.46875, 126.9519230769231)","(37.47716346153847, 126.96153846153847)"
UJDACBB,"(37.47716346153847, 126.9519230769231)","(37.48557692307693, 126.96153846153847)"
UJDBADC,"(37.48557692307693, 127.01923076923077)","(37.49399038461539, 127.02884615384616)"
UJDBADA,"(37.49399038461539, 127.01923076923077)","(37.502403846153854, 127.02884615384616)"
UJDBADD,"(37.48557692307693, 127.02884615384616)","(37.49399038461539, 127.03846153846155)"
UJDBADB,"(37.49399038461539, 127.02884615384616)","(37.502403846153854, 127.03846153846155)"
UJDBBBC,"(37.502403846153854, 127.05769230769232)","(37.510817307692314, 127.06730769230771)"
UJDBBBA,"(37.510817307692314, 127.05769230769232)","(37.519230769230774, 127.06730769230771)"
UJDBBBD,"(37.502403846153854, 127.06730769230771)","(37.510817307692314, 127.07692307692308)"
UJDBBBB,"(37.510817307692314, 127.06730769230771)","(37.519230769230774, 127.07692307692308)"
UJBCCCC,"(37.519230769230774, 126.92307692307693)","(37.52764423076923, 126.93269230769232)"
UJBCCCA,"(37.52764423076923, 126.92307692307693)","(37.53605769230769, 126.93269230769232)"
UJBCCCD,"(37.519230769230774, 126.93269230769232)","(37.52764423076923, 126.94230769230771)"
UJBCCCB,"(37.52764423076923, 126.93269230769232)","(37.53605769230769, 126.94230769230771)"
UJBCCAC,"(37.53605769230769, 126.92307692307693)","(37.54447115384616, 126.93269230769232)"
UJBCCAA,"(37.54447115384616, 126.92307692307693)","(37.55288461538462, 126.93269230769232)"
UJBCCAD,"(37.53605769230769, 126.93269230769232)","(37.54447115384616, 126.94230769230771)"
UJBCCAB,"(37.54447115384616, 126.93269230769232)","(37.55288461538462, 126.94230769230771)"
UJBDDDC,"(37.519230769230774, 127.05769230769232)","(37.52764423076923, 127.06730769230771)"
UJBDDDA,"(37.52764423076923, 127.05769230769232)","(37.53605769230769, 127.06730769230771)"
UJBDDDD,"(37.519230769230774, 127.06730769230771)","(37.52764423076923, 127.07692307692308)"
UJBDDDB,"(37.52764423076923, 127.06730769230771)","(37.53605769230769, 127.07692307692308)"
UKCAAAC,"(37.502403846153854, 127.07692307692308)","(37.510817307692314, 127.08653846153845)"
UKCAAAA,"(37.510817307692314, 127.07692307692308)","(37.519230769230774, 127.08653846153845)"
UKCAAAD,"(37.502403846153854, 127.08653846153845)","(37.510817307692314, 127.09615384615384)"
UKCAAAB,"(37.510817307692314, 127.08653846153845)","(37.519230769230774, 127.09615384615384)"
UKCAABC,"(37.502403846153854, 127.09615384615384)","(37.510817307692314, 127.10576923076923)"
UKCAABA,"(37.510817307692314, 127.09615384615384)","(37.519230769230774, 127.10576923076923)"
UKCAABD,"(37.502403846153854, 127.10576923076923)","(37.510817307692314, 127.11538461538461)"
UKCAABB,"(37.510817307692314, 127.10576923076923)","(37.519230769230774, 127.11538461538461)"
UKACACC,"(37.55288461538462, 127.07692307692308)","(37.56129807692308, 127.08653846153845)"
UKACACA,"(37.56129807692308, 127.07692307692308)","(37.56971153846155, 127.08653846153845)"
UKACACD,"(37.55288461538462, 127.08653846153845)","(37.56129807692308, 127.09615384615384)"
UKACACB,"(37.56129807692308, 127.08653846153845)","(37.56971153846155, 127.09615384615384)"
UKACAAC,"(37.56971153846155, 127.07692307692308)","(37.57812500000001, 127.08653846153845)"
UKACAAA,"(37.57812500000001, 127.07692307692308)","(37.58653846153847, 127.08653846153845)"
UKACAAD,"(37.56971153846155, 127.08653846153845)","(37.57812500000001, 127.09615384615384)"
UKACAAB,"(37.57812500000001, 127.08653846153845)","(37.58653846153847, 127.09615384615384)"
UKADCBC,"(37.53605769230769, 127.17307692307693)","(37.54447115384616, 127.18269230769232)"
UKADCBA,"(37.54447115384616, 127.17307692307693)","(37.55288461538462, 127.18269230769232)"
UKADCBD,"(37.53605769230769, 127.18269230769232)","(37.54447115384616, 127.1923076923077)"
UKADCBB,"(37.54447115384616, 127.18269230769232)","(37.55288461538462, 127.1923076923077)"
UKADADC,"(37.55288461538462, 127.17307692307693)","(37.56129807692308, 127.18269230769232)"
UKADADA,"(37.56129807692308, 127.17307692307693)","(37.56971153846155, 127.18269230769232)"
UKADADD,"(37.55288461538462, 127.18269230769232)","(37.56129807692308, 127.1923076923077)"
UKADADB,"(37.56129807692308, 127.18269230769232)","(37.56971153846155, 127.1923076923077)"
UKADDAC,"(37.53605769230769, 127.1923076923077)","(37.54447115384616, 127.20192307692307)"
UKADDAA,"(37.54447115384616, 127.1923076923077)","(37.55288461538462, 127.20192307692307)"
UKADDAD,"(37.53605769230769, 127.20192307692307)","(37.54447115384616, 127.21153846153845)"
UKADDAB,"(37.54447115384616, 127.20192307692307)","(37.55288461538462, 127.21153846153845)"
UKADDDC,"(37.519230769230774, 127.21153846153845)","(37.52764423076923, 127.22115384615384)"
UKADDDA,"(37.52764423076923, 127.21153846153845)","(37.53605769230769, 127.22115384615384)"
UKADDDD,"(37.519230769230774, 127.22115384615384)","(37.52764423076923, 127.23076923076923)"
UKADDDB,"(37.52764423076923, 127.22115384615384)","(37.53605769230769, 127.23076923076923)"
UKADDBC,"(37.53605769230769, 127.21153846153845)","(37.54447115384616, 127.22115384615384)"
UKADDBA,"(37.54447115384616, 127.21153846153845)","(37.55288461538462, 127.22115384615384)"
UKADDBD,"(37.53605769230769, 127.22115384615384)","(37.54447115384616, 127.23076923076923)"
UKADDBB,"(37.54447115384616, 127.22115384615384)","(37.55288461538462, 127.23076923076923)"
UKADBCC,"(37.55288461538462, 127.1923076923077)","(37.56129807692308, 127.20192307692307)"
UKADBCA,"(37.56129807692308, 127.1923076923077)","(37.56971153846155, 127.20192307692307)"
UKADBCD,"(37.55288461538462, 127.20192307692307)","(37.56129807692308, 127.21153846153845)"
UKADBCB,"(37.56129807692308, 127.20192307692307)","(37.56971153846155, 127.21153846153845)"
UKBCCAC,"(37.53605769230769, 127.23076923076923)","(37.54447115384616, 127.24038461538461)"
UKBCCAA,"(37.54447115384616, 127.23076923076923)","(37.55288461538462, 127.24038461538461)"
UKBCCAD,"(37.53605769230769, 127.24038461538461)","(37.54447115384616, 127.25)"
UKBCCAB,"(37.54447115384616, 127.24038461538461)","(37.55288461538462, 127.25)"
UKBCACC,"(37.55288461538462, 127.23076923076923)","(37.56129807692308, 127.24038461538461)"
UKBCACA,"(37.56129807692308, 127.23076923076923)","(37.56971153846155, 127.24038461538461)"
UKBCACD,"(37.55288461538462, 127.24038461538461)","(37.56129807692308, 127.25)"
UKBCACB,"(37.56129807692308, 127.24038461538461)","(37.56971153846155, 127.25)"
